,lat.x,long.x,soil.depth.upper
1,43.049444,-96.891667,0
2,43.049444,-96.891667,0
3,43.049444,-96.891667,0
4,43.049444,-96.891667,0
5,43.049444,-96.891667,0
6,43.049444,-96.891667,0
7,41.733,-0.7667,0
8,41.733,-0.7667,5
9,41.733,-0.7667,10
10,41.733,-0.7667,0
11,41.733,-0.7667,5
12,41.733,-0.7667,10
13,41.733,-0.7667,0
14,41.733,-0.7667,5
15,41.733,-0.7667,10
16,41.733,-0.7667,0
17,41.733,-0.7667,5
18,41.733,-0.7667,10
19,41.733,-0.7667,0
20,41.733,-0.7667,5
21,41.733,-0.7667,10
22,41.733,-0.7667,0
23,41.733,-0.7667,5
24,41.733,-0.7667,10
25,41.833,1.283,0
26,41.833,1.283,5
27,41.833,1.283,10
28,41.833,1.283,20
29,41.833,1.283,30
30,41.833,1.283,0
31,41.833,1.283,5
32,41.833,1.283,10
33,41.833,1.283,20
34,41.833,1.283,30
35,41.833,1.283,0
36,41.833,1.283,5
37,41.833,1.283,10
38,41.833,1.283,20
39,41.833,1.283,30
40,41.8,1.117,0
41,41.8,1.117,5
42,41.8,1.117,10
43,41.8,1.117,20
44,41.8,1.117,30
45,41.8,1.117,0
46,41.8,1.117,5
47,41.8,1.117,10
48,41.8,1.117,20
49,41.8,1.117,30
50,41.8,1.117,0
51,41.8,1.117,5
52,41.8,1.117,10
53,41.8,1.117,20
54,41.8,1.117,30
55,-29.75,-53.7,0
56,-29.75,-53.7,0
57,-29.75,-53.7,0
58,-30.83333,-51.63333,0
59,-30.83333,-51.63333,0
60,-30.83333,-51.63333,0
61,-30.83333,-51.63333,0
62,-30.83333,-51.63333,0
63,-28.6,-53.66667,0
64,-28.6,-53.66667,0
65,-28.6,-53.66667,0
66,-28.6,-53.66667,0
67,-27.4,-51.21667,0
68,-27.4,-51.21667,0
69,45.50162,-73.5103,0
70,45.50162,-73.5103,8
71,45.50162,-73.5103,16
72,45.50162,-73.5103,0
73,45.50162,-73.5103,8
74,45.50162,-73.5103,16
75,42.45528,-1.81667,0
76,42.45528,-1.81667,5
77,42.45528,-1.81667,0
78,42.45528,-1.81667,5
79,42.45528,-1.81667,0
80,42.45528,-1.81667,5
81,55.2,-119.3833,0
82,55.2,-119.3833,0
83,55.2,-119.3833,0
84,55.2,-119.3833,0
85,55.2,-119.3833,0
86,55.2,-119.3833,0
87,-16.68,-46.57,0
88,-16.68,-46.57,5
89,-16.68,-46.57,10
90,-16.68,-46.57,0
91,-16.68,-46.57,5
92,-16.68,-46.57,10
93,46.8833,96.8,0
94,46.8833,96.8,0
95,46.8833,96.8,0
96,46.8833,96.8,0
97,46.8833,96.8,0
98,46.8833,96.8,0
99,46.8833,96.8,0
100,46.8833,96.8,0
101,46.8833,96.8,0
102,39.04167,-83.03333,0
103,39.04167,-83.03333,7.5
104,39.04167,-83.03333,15
105,39.04167,-83.03333,22.5
106,39.04167,-83.03333,0
107,39.04167,-83.03333,7.5
108,39.04167,-83.03333,15
109,39.04167,-83.03333,22.5
110,39.04167,-83.03333,0
111,39.04167,-83.03333,7.5
112,39.04167,-83.03333,15
113,39.04167,-83.03333,22.5
114,-30.84778,-51.63556,0
115,-30.84778,-51.63556,2.5
116,-30.84778,-51.63556,7.5
117,-30.84778,-51.63556,0
118,-30.84778,-51.63556,2.5
119,-30.84778,-51.63556,7.5
120,-30.84778,-51.63556,0
121,-30.84778,-51.63556,2.5
122,-30.84778,-51.63556,7.5
123,-16.2506,-47.9261,0
124,-16.2506,-47.9261,0
125,-16.2506,-47.9261,0
126,-16.2506,-47.9261,0
127,33.9,-83.4,0
128,33.9,-83.4,5
129,33.9,-83.4,0
130,33.9,-83.4,5
131,42.4058,-85.4023,0
132,42.4058,-85.4023,0
133,-37.75,-58.25,0
134,-37.75,-58.25,0
135,29.6,79.6667,0
136,29.6,79.6667,0
137,-17.94917,-51.72167,0
138,-17.94917,-51.72167,5
139,-17.94917,-51.72167,10
140,-17.94917,-51.72167,20
141,-17.94917,-51.72167,5
142,-17.94917,-51.72167,10
143,-17.94917,-51.72167,20
144,-17.94917,-51.72167,5
145,-17.94917,-51.72167,10
146,-17.94917,-51.72167,20
147,-17.94917,-51.72167,5
148,-17.94917,-51.72167,10
149,-17.94917,-51.72167,20
150,-17.94917,-51.72167,5
151,-17.94917,-51.72167,10
152,-17.94917,-51.72167,20
153,-21.96167,-47.8411,0
154,-21.96167,-47.8411,0
155,-21.96167,-47.8411,0
156,-21.96167,-47.8411,5
157,-21.96167,-47.8411,5
158,-21.96167,-47.8411,5
159,-21.96167,-47.8411,10
160,-21.96167,-47.8411,10
161,-21.96167,-47.8411,10
162,-21.96167,-47.8411,20
163,-21.96167,-47.8411,20
164,-21.96167,-47.8411,20
165,41.74167,-0.771667,0
166,41.74167,-0.771667,5
167,41.74167,-0.771667,20
168,41.74167,-0.771667,0
169,41.74167,-0.771667,5
170,41.74167,-0.771667,20
171,41.74167,-0.771667,0
172,41.74167,-0.771667,5
173,41.74167,-0.771667,20
174,41.73944,-0.775,0
175,41.73944,-0.775,5
176,41.73944,-0.775,20
177,41.73944,-0.775,0
178,41.73944,-0.775,5
179,41.73944,-0.775,20
180,41.73944,-0.775,0
181,41.73944,-0.775,5
182,41.73944,-0.775,20
183,41.96444,-0.083333,0
184,41.96444,-0.083333,5
185,41.96444,-0.083333,20
186,41.96444,-0.083333,0
187,41.96444,-0.083333,5
188,41.96444,-0.083333,20
189,42.56194,-1.123889,0
190,42.56194,-1.123889,5
191,42.56194,-1.123889,20
192,42.56194,-1.123889,0
193,42.56194,-1.123889,5
194,42.56194,-1.123889,20
195,-22.22111,-54.80556,0
196,-22.22111,-54.80556,0
197,-21.61444,-55.16833,0
198,-21.61444,-55.16833,0
199,-20.44278,-54.64639,0
200,-20.44278,-54.64639,0
201,49.6956,-112.8451,0
202,49.6956,-112.8451,0
203,49.6956,-112.8451,0
204,49.8674,-111.3794,0
205,49.8674,-111.3794,0
206,49.8674,-111.3794,0
207,49.8674,-111.3794,0
208,49.8674,-111.3794,0
209,49.8674,-111.3794,0
210,-25.15,-50.15,0
211,-25.15,-50.15,0
212,-25.15,-50.15,5
213,-25.15,-50.15,5
214,-25.15,-50.15,10
215,-25.15,-50.15,10
216,-25.15,-50.15,20
217,-25.15,-50.15,20
218,-25.15,-50.15,60
219,-25.15,-50.15,60
220,-23.18333,-51.18333,0
221,-23.18333,-51.18333,0
222,-23.18333,-51.18333,5
223,-23.18333,-51.18333,5
224,-23.18333,-51.18333,10
225,-23.18333,-51.18333,10
226,-23.18333,-51.18333,20
227,-23.18333,-51.18333,20
228,-23.18333,-51.18333,60
229,-23.18333,-51.18333,60
230,41.1448,-102.9774,0
231,41.1448,-102.9774,0
232,50.53333,-103.5167,0
233,50.53333,-103.5167,0
234,50.53333,-103.5167,0
235,50.53333,-103.5167,0
236,50.53333,-103.5167,0
237,-22.8,-48.416667,0
238,-22.8,-48.416667,0
239,-22.8,-48.416667,0
240,-22.8,-48.416667,0
241,-22.8,-48.416667,5
242,-22.8,-48.416667,5
243,-22.8,-48.416667,5
244,-22.8,-48.416667,5
245,-22.8,-48.416667,10
246,-22.8,-48.416667,10
247,-22.8,-48.416667,10
248,-22.8,-48.416667,10
249,41.8433,-83.53723,0
250,41.8433,-83.53723,0
251,41.78172,-83.76668,0
252,41.78172,-83.76668,0
253,39.08252,-83.0005,0
254,39.08252,-83.0005,0
255,41.8433,-83.53723,5
256,41.8433,-83.53723,5
257,41.78172,-83.76668,5
258,41.78172,-83.76668,5
259,39.08252,-83.0005,5
260,39.08252,-83.0005,5
261,30.3,120.2,0
262,30.3,120.2,10
263,30.3,120.2,20
264,30.3,120.2,0
265,30.3,120.2,10
266,30.3,120.2,20
267,30.3,120.2,0
268,30.3,120.2,10
269,30.3,120.2,20
270,30.3,120.2,0
271,30.3,120.2,10
272,30.3,120.2,20
273,30.3,120.2,0
274,30.3,120.2,10
275,30.3,120.2,20
276,44.966667,9.683333,0
277,44.966667,9.683333,10
278,44.966667,9.683333,0
279,44.966667,9.683333,10
280,44.966667,9.683333,0
281,44.966667,9.683333,10
282,-29.75,-53.7,0
283,-29.75,-53.7,0
284,-29.75,-53.7,0
285,-30.833333,-51.633333,0
286,-30.833333,-51.633333,0
287,-30.833333,-51.633333,0
288,-30.833333,-51.633333,0
289,-30.833333,-51.633333,0
290,-30.833333,-51.633333,0
291,-30.833333,-51.633333,0
292,-30.833333,-51.633333,0
293,-30.833333,-51.633333,0
294,-30.833333,-51.633333,5
295,-30.833333,-51.633333,5
296,-30.833333,-51.633333,5
297,-30.833333,-51.633333,5
298,-30.833333,-51.633333,10
299,-30.833333,-51.633333,10
300,-30.833333,-51.633333,10
301,-30.833333,-51.633333,10
302,41.916667,-88.75,0
303,41.916667,-88.75,0
304,41.916667,-88.75,15
305,41.916667,-88.75,15
306,37.366667,-88.75,0
307,37.366667,-88.75,0
308,37.366667,-88.75,15
309,37.366667,-88.75,15
310,40.1,-88.2,0
311,40.1,-88.2,0
312,40.1,-88.2,15
313,40.1,-88.2,15
314,-28.6,-53.666667,0
315,-28.6,-53.666667,0
316,-28.6,-53.666667,0
317,-28.6,-53.666667,5
318,-28.6,-53.666667,5
319,-28.6,-53.666667,5
320,-28.6,-53.666667,10
321,-28.6,-53.666667,10
322,-28.6,-53.666667,10
323,-28.6,-53.666667,20
324,-28.6,-53.666667,20
325,-28.6,-53.666667,20
326,-28.6,-53.666667,0
327,-28.6,-53.666667,0
328,-28.6,-53.666667,0
329,-28.6,-53.666667,5
330,-28.6,-53.666667,5
331,-28.6,-53.666667,5
332,-28.6,-53.666667,10
333,-28.6,-53.666667,10
334,-28.6,-53.666667,10
335,-28.6,-53.666667,20
336,-28.6,-53.666667,20
337,-28.6,-53.666667,20
338,-28.5457,-54.5515,0
339,-28.5457,-54.5515,5
340,-28.5457,-54.5515,0
341,-28.5457,-54.5515,5
342,-28.5457,-54.5515,0
343,-28.5457,-54.5515,5
344,-28.5457,-54.5515,0
345,-28.5457,-54.5515,5
346,-15.6,-47.7,0
347,-15.6,-47.7,5
348,-15.6,-47.7,10
349,-15.6,-47.7,0
350,-15.6,-47.7,5
351,-15.6,-47.7,10
352,-15.6,-47.7,0
353,-15.6,-47.7,5
354,-15.6,-47.7,10
355,-30.85,-51.633333,0
356,-30.85,-51.633333,0
357,-30.85,-51.633333,0
358,37.833333,114.666667,0
359,37.833333,114.666667,5
360,37.833333,114.666667,10
361,37.833333,114.666667,20
362,37.833333,114.666667,30
363,37.833333,114.666667,0
364,37.833333,114.666667,5
365,37.833333,114.666667,10
366,37.833333,114.666667,20
367,37.833333,114.666667,30
368,37.833333,114.666667,0
369,37.833333,114.666667,5
370,37.833333,114.666667,10
371,37.833333,114.666667,20
372,37.833333,114.666667,30
373,11.466667,93.25,0
374,11.466667,93.25,10
375,11.466667,93.25,20
376,11.466667,93.25,30
377,11.466667,93.25,40
378,11.466667,93.25,0
379,11.466667,93.25,10
380,11.466667,93.25,20
381,11.466667,93.25,30
382,11.466667,93.25,40
383,11.466667,93.25,0
384,11.466667,93.25,10
385,11.466667,93.25,20
386,11.466667,93.25,30
387,11.466667,93.25,40
388,11.466667,93.25,0
389,11.466667,93.25,10
390,11.466667,93.25,20
391,11.466667,93.25,30
392,11.466667,93.25,40
393,-37.75,-58.3,0
394,-37.75,-58.3,5
395,-37.75,-58.3,0
396,-37.75,-58.3,5
397,-25.55,-51.483333,0
398,-25.55,-51.483333,2.5
399,-25.55,-51.483333,5
400,-25.55,-51.483333,10
401,-25.55,-51.483333,40
402,-25.55,-51.483333,80
403,-25.55,-51.483333,0
404,-25.55,-51.483333,2.5
405,-25.55,-51.483333,5
406,-25.55,-51.483333,10
407,-25.55,-51.483333,40
408,-25.55,-51.483333,80
409,-28.266667,-54.216667,0
410,-28.266667,-54.216667,2.5
411,-28.266667,-54.216667,5
412,-28.266667,-54.216667,10
413,-28.266667,-54.216667,40
414,-28.266667,-54.216667,80
415,-28.266667,-54.216667,0
416,-28.266667,-54.216667,2.5
417,-28.266667,-54.216667,5
418,-28.266667,-54.216667,10
419,-28.266667,-54.216667,40
420,-28.266667,-54.216667,80
421,-25.011667,-50.153611,0
422,-25.011667,-50.153611,5
423,-25.011667,-50.153611,10
424,-25.011667,-50.153611,0
425,-25.011667,-50.153611,5
426,-25.011667,-50.153611,10
427,-25.011667,-50.153611,0
428,-25.011667,-50.153611,5
429,-25.011667,-50.153611,10
430,-25.011667,-50.153611,0
431,-25.011667,-50.153611,5
432,-25.011667,-50.153611,10
433,-25.011667,-50.153611,0
434,-25.011667,-50.153611,5
435,-25.011667,-50.153611,10
436,-25.011667,-50.153611,0
437,-25.011667,-50.153611,5
438,-25.011667,-50.153611,10
439,30.53333,-94.43333,0
440,30.53333,-94.43333,0
441,30.53333,-94.43333,0
442,30.53333,-94.43333,0
443,30.53333,-94.43333,0
444,30.53333,-94.43333,0
445,30.53333,-94.43333,5
446,30.53333,-94.43333,5
447,30.53333,-94.43333,5
448,30.53333,-94.43333,5
449,30.53333,-94.43333,5
450,30.53333,-94.43333,5
451,30.53333,-94.43333,15
452,30.53333,-94.43333,15
453,30.53333,-94.43333,15
454,30.53333,-94.43333,15
455,30.53333,-94.43333,15
456,30.53333,-94.43333,15
457,43.506389,124.809167,0
458,43.506389,124.809167,0
459,-32.955833,-61.305,0
460,-32.955833,-61.305,5
461,-32.955833,-61.305,10
462,-32.955833,-61.305,0
463,-32.955833,-61.305,5
464,-32.955833,-61.305,10
465,-32.955833,-61.305,0
466,-32.955833,-61.305,5
467,-32.955833,-61.305,10
468,-32.955833,-61.305,0
469,-32.955833,-61.305,5
470,-32.955833,-61.305,10
471,-32.955833,-61.305,0
472,-32.955833,-61.305,5
473,-32.955833,-61.305,10
474,-15.591667,-47.7,0
475,-15.591667,-47.7,10
476,-15.591667,-47.7,20
477,-15.591667,-47.7,0
478,-15.591667,-47.7,10
479,-15.591667,-47.7,20
480,-15.591667,-47.7,0
481,-15.591667,-47.7,10
482,-15.591667,-47.7,20
483,-15.591667,-47.7,0
484,-15.591667,-47.7,10
485,-15.591667,-47.7,20
486,-15.591667,-47.7,0
487,-15.591667,-47.7,10
488,-15.591667,-47.7,20
489,-36.610542,-63.980061,0
490,-36.610542,-63.980061,0
491,-36.610542,-63.980061,0
492,-36.610542,-63.980061,0
493,-36.610542,-63.980061,6
494,-36.610542,-63.980061,6
495,-36.610542,-63.980061,6
496,-36.610542,-63.980061,6
497,-28.25,-52.4,0
498,-28.25,-52.4,0
499,-28.25,-52.4,0
500,-28.25,-52.4,0
501,-28.25,-52.4,5
502,-28.25,-52.4,5
503,-28.25,-52.4,5
504,-28.25,-52.4,5
505,-28.25,-52.4,10
506,-28.25,-52.4,10
507,-28.25,-52.4,10
508,-28.25,-52.4,10
509,46.8267,-100.8896,0
510,46.8267,-100.8896,0
511,41.1448,-102.9774,0
512,41.1448,-102.9774,0
513,39.3033,-102.6046,0
514,39.3033,-102.6046,0
515,35.1905,-102.0639,0
516,35.1905,-102.0639,0
517,39.1836,-96.5717,0
518,39.1836,-96.5717,0
519,38.0406,-84.5037,0
520,38.0406,-84.5037,0
521,46.8267,-100.8896,5
522,46.8267,-100.8896,5
523,41.1448,-102.9774,5
524,41.1448,-102.9774,5
525,39.3033,-102.6046,5
526,39.3033,-102.6046,5
527,35.1905,-102.0639,5
528,35.1905,-102.0639,5
529,39.1836,-96.5717,5
530,39.1836,-96.5717,5
531,38.0406,-84.5037,5
532,38.0406,-84.5037,5
533,35.2,107.733333,5
534,35.2,107.733333,5
535,35.2,107.733333,5
536,35.2,107.733333,5
537,35.2,107.733333,5
538,35.2,107.733333,5
539,35.2,107.733333,15
540,35.2,107.733333,15
541,35.2,107.733333,15
542,35.2,107.733333,15
543,35.2,107.733333,15
544,35.2,107.733333,15
545,34.5,113,0
546,34.5,113,0
547,34.5,113,0
548,-34.333333,-57.683333,20
549,-34.333333,-57.683333,20
550,-34.333333,-57.683333,40
551,-34.333333,-57.683333,40
552,39.379677,-5.388839,0
553,39.379677,-5.388839,0
554,39.379677,-5.388839,5
555,39.379677,-5.388839,5
556,39.379677,-5.388839,10
557,39.379677,-5.388839,10
558,39.379677,-5.388839,25
559,39.379677,-5.388839,25
560,42.4058,-85.4023,0
561,42.4058,-85.4023,0
562,42.4058,-85.4023,0
563,42.4058,-85.4023,0
564,46.333333,-63.166667,0
565,46.333333,-63.166667,0
566,46.333333,-63.166667,10
567,46.333333,-63.166667,10
568,46.333333,-63.166667,20
569,46.333333,-63.166667,20
570,46.333333,-63.166667,30
571,46.333333,-63.166667,30
572,46.333333,-63.166667,40
573,46.333333,-63.166667,40
574,47.35,-70.033333,0
575,47.35,-70.033333,0
576,47.35,-70.033333,10
577,47.35,-70.033333,10
578,47.35,-70.033333,20
579,47.35,-70.033333,20
580,47.35,-70.033333,30
581,47.35,-70.033333,30
582,47.35,-70.033333,40
583,47.35,-70.033333,40
584,45.366667,-75.716667,0
585,45.366667,-75.716667,0
586,45.366667,-75.716667,10
587,45.366667,-75.716667,10
588,45.366667,-75.716667,20
589,45.366667,-75.716667,20
590,45.366667,-75.716667,30
591,45.366667,-75.716667,30
592,45.366667,-75.716667,40
593,45.366667,-75.716667,40
594,42.216667,-82.733333,0
595,42.216667,-82.733333,0
596,42.216667,-82.733333,10
597,42.216667,-82.733333,10
598,42.216667,-82.733333,20
599,42.216667,-82.733333,20
600,42.216667,-82.733333,30
601,42.216667,-82.733333,30
602,42.216667,-82.733333,40
603,42.216667,-82.733333,40
604,44.8831,-68.6719,0
605,44.8831,-68.6719,0
606,44.8831,-68.6719,0
607,44.8831,-68.6719,0
608,46.6812,-68.0159,0
609,46.6812,-68.0159,0
610,46.6812,-68.0159,0
611,46.6812,-68.0159,0
612,46.6812,-68.0159,0
613,46.6812,-68.0159,0
614,40.8,-82,0
615,41,-84,0
616,42.3,-85.5,0
617,40.8,-82,0
618,41,-84,0
619,42.3,-85.5,0
620,39.379677,-5.388839,0
621,39.379677,-5.388839,0
622,39.379677,-5.388839,5
623,39.379677,-5.388839,5
624,39.379677,-5.388839,10
625,39.379677,-5.388839,10
626,43.5,124.8,0
627,43.5,124.8,0
628,37.4356,-88.6719,0
629,37.4356,-88.6719,0
630,37.4356,-88.6719,0
631,37.4356,-88.6719,5
632,37.4356,-88.6719,5
633,37.4356,-88.6719,5
634,35.96079854,-83.85541618,0
635,35.96079854,-83.85541618,0
636,35.96079854,-83.85541618,0
637,35.96079854,-83.85541618,0
638,35.96079854,-83.85541618,0
639,50.5334,-103.6699,0
640,50.5334,-103.6699,0
641,50.5334,-103.6699,0
642,50.5334,-103.6699,0
643,50.5334,-103.6699,0
644,52.8608,-104.6143,0
645,52.8608,-104.6143,0
646,52.8608,-104.6143,0
647,52.8608,-104.6143,0
648,52.8608,-104.6143,0
649,52.3657,-108.8288,0
650,52.3657,-108.8288,0
651,52.3657,-108.8288,0
652,52.3657,-108.8288,0
653,52.3657,-108.8288,0
654,50.8,3.416667,0
655,50.8,3.416667,0
656,50.633333,4.566667,0
657,50.633333,4.566667,0
658,37.6,116.35,0
659,37.6,116.35,0
660,37.6,116.35,5
661,37.6,116.35,5
662,40.062778,-88.196111,0
663,40.062778,-88.196111,10
664,40.062778,-88.196111,0
665,40.062778,-88.196111,10
666,40.062778,-88.196111,0
667,40.062778,-88.196111,10
668,40.041389,-83.049722,0
669,40.041389,-83.049722,0
670,40.041389,-83.049722,10
671,40.041389,-83.049722,10
672,40.041389,-83.049722,20
673,40.041389,-83.049722,20
674,40.041389,-83.049722,40
675,40.041389,-83.049722,40
676,29.989167,115.614722,0
677,29.989167,115.614722,0
678,29.989167,115.614722,20
679,29.989167,115.614722,20
680,40.533333,-3.333333,0
681,40.533333,-3.333333,0
682,40.533333,-3.333333,0
683,40.533333,-3.333333,7.5
684,40.533333,-3.333333,7.5
685,40.533333,-3.333333,7.5
686,49.7,-112.783333,0
687,49.7,-112.783333,0
688,49.7,-112.783333,0
689,49.7,-112.783333,0
690,49.7,-112.783333,0
691,49.7,-112.783333,0
692,49.7,-112.783333,0
693,49.7,-112.783333,0
694,49.7,-112.783333,0
695,42.016667,-93.783333,0
696,42.016667,-93.783333,0
697,42.016667,-93.783333,0
698,42.016667,-93.783333,10
699,42.016667,-93.783333,10
700,42.016667,-93.783333,10
701,53.089,-114.442,5
702,53.089,-114.442,5
703,49.705,-112.775,5
704,49.705,-112.775,5
705,-17.352,-51.49102,0
706,-17.36423,-51.47665,0
707,-17.352,-51.49102,5
708,-17.36423,-51.47665,5
709,-17.352,-51.49102,10
710,-17.36423,-51.47665,10
711,-17.352,-51.49102,20
712,-17.36423,-51.47665,20
713,52.9824,-105.4321,0
714,52.9824,-105.4321,5
715,52.9824,-105.4321,10
716,52.9824,-105.4321,0
717,52.9824,-105.4321,5
718,52.9824,-105.4321,10
719,52.866667,-104.333333,0
720,52.866667,-104.333333,5
721,52.866667,-104.333333,10
722,52.866667,-104.333333,0
723,52.866667,-104.333333,5
724,52.866667,-104.333333,10
725,47.35,-70.033333,0
726,47.35,-70.033333,0
727,47.35,-70.033333,0
728,47.35,-70.033333,10
729,47.35,-70.033333,10
730,47.35,-70.033333,10
731,52.866667,-104.333333,0
732,52.866667,-104.333333,5
733,52.866667,-104.333333,10
734,52.866667,-104.333333,0
735,52.866667,-104.333333,5
736,52.866667,-104.333333,10
737,53.416667,-113.55,0
738,53.416667,-113.55,7.5
739,53.416667,-113.55,0
740,53.416667,-113.55,7.5
741,53.416667,-113.55,0
742,53.416667,-113.55,5
743,53.416667,-113.55,10
744,53.416667,-113.55,0
745,53.416667,-113.55,5
746,53.416667,-113.55,10
747,-37.7525,-58.313333,0
748,-37.7525,-58.313333,5
749,-37.7525,-58.313333,0
750,-37.7525,-58.313333,5
751,-38.118333,-62.038056,0
752,-38.118333,-62.038056,5
753,-38.118333,-62.038056,10
754,-38.118333,-62.038056,0
755,-38.118333,-62.038056,5
756,-38.118333,-62.038056,10
757,-33.25,-61.55,0
758,-33.25,-61.55,0
759,-33.25,-61.55,0
760,-33.25,-61.55,5
761,-33.25,-61.55,5
762,-33.25,-61.55,5
763,-33.25,-61.55,10
764,-33.25,-61.55,10
765,-33.25,-61.55,10
766,-33.25,-61.55,15
767,-33.25,-61.55,15
768,-33.25,-61.55,15
769,-37.75,-58.3,0
770,-37.75,-58.3,0
771,-37.75,-58.3,0
772,-37.75,-58.3,5
773,-37.75,-58.3,5
774,-37.75,-58.3,5
775,-37.75,-58.3,10
776,-37.75,-58.3,10
777,-37.75,-58.3,10
778,-37.75,-58.3,15
779,-37.75,-58.3,15
780,-37.75,-58.3,15
781,-31.620278,-52.588889,0
782,-31.620278,-52.588889,0
783,-31.620278,-52.588889,0
784,39.65,-89.133333,0
785,39.65,-89.133333,5
786,39.65,-89.133333,10
787,39.65,-89.133333,15
788,39.65,-89.133333,0
789,39.65,-89.133333,5
790,39.65,-89.133333,10
791,39.65,-89.133333,15
792,36.866667,115.016667,0
793,36.866667,115.016667,0
794,40.15,-103.15,0
795,40.15,-103.15,0
796,40.15,-103.15,0
797,40.15,-103.15,5
798,40.15,-103.15,5
799,40.15,-103.15,5
800,40.15,-103.15,10
801,40.15,-103.15,10
802,40.15,-103.15,10
803,28.633333,77.166667,0
804,28.633333,77.166667,0
805,34.691667,-86.890278,0
806,34.691667,-86.890278,0
807,34.691667,-86.890278,0
808,34.691667,-86.890278,0
809,34.691667,-86.890278,0
810,34.691667,-86.890278,0
811,34.691667,-86.890278,0
812,34.691667,-86.890278,3
813,34.691667,-86.890278,3
814,34.691667,-86.890278,3
815,34.691667,-86.890278,3
816,34.691667,-86.890278,3
817,34.691667,-86.890278,3
818,34.691667,-86.890278,3
819,33,-9.366667,0
820,33,-9.366667,0
821,33,-9.366667,0
822,33,-9.366667,0
823,33,-9.366667,0
824,33,-9.366667,2.5
825,33,-9.366667,2.5
826,33,-9.366667,2.5
827,33,-9.366667,2.5
828,33,-9.366667,2.5
829,33,-9.366667,7
830,33,-9.366667,7
831,33,-9.366667,7
832,33,-9.366667,7
833,33,-9.366667,7
834,-17,31.716667,0
835,-17,31.716667,0
836,-17,31.716667,0
837,-17.7,31.733333,0
838,-17.7,31.733333,0
839,-17.7,31.733333,0
840,42.083333,-80.05,0
841,42.083333,-80.05,0
842,-16.45,-49.283333,0
843,-16.45,-49.283333,0
844,-16.45,-49.283333,0
845,-16.45,-49.283333,5
846,-16.45,-49.283333,5
847,-16.45,-49.283333,5
848,-16.45,-49.283333,10
849,-16.45,-49.283333,10
850,-16.45,-49.283333,10
851,-15.6,-47.7,0
852,-15.6,-47.7,0
853,-15.6,-47.7,0
854,-19.583333,31.233333,0
855,-19.583333,31.233333,0
856,-19.583333,31.233333,0
857,-19.583333,31.233333,5
858,-19.583333,31.233333,5
859,-19.583333,31.233333,5
860,-19.583333,31.233333,10
861,-19.583333,31.233333,10
862,-19.583333,31.233333,10
863,42.017584,-93.76448,0
864,42.017584,-93.76448,0
865,42.017584,-93.76448,0
866,42.017584,-93.76448,5
867,42.017584,-93.76448,5
868,42.017584,-93.76448,5
869,-37.5,-58.3,0
870,-37.5,-58.3,5
871,-37.5,-58.3,15
872,-37.5,-58.3,30
873,-37.5,-58.3,60
874,-37.5,-58.3,0
875,-37.5,-58.3,5
876,-37.5,-58.3,15
877,-37.5,-58.3,30
878,-37.5,-58.3,60
879,-30.166667,149.666667,0
880,-30.166667,149.666667,15
881,-30.166667,149.666667,30
882,-30.166667,149.666667,50
883,-30.166667,149.666667,70
884,-30.166667,149.666667,0
885,-30.166667,149.666667,15
886,-30.166667,149.666667,30
887,-30.166667,149.666667,50
888,-30.166667,149.666667,70
889,-30.166667,149.666667,0
890,-30.166667,149.666667,15
891,-30.166667,149.666667,30
892,-30.166667,149.666667,50
893,-30.166667,149.666667,70
894,-30.166667,149.666667,0
895,-30.166667,149.666667,15
896,-30.166667,149.666667,30
897,-30.166667,149.666667,50
898,-30.166667,149.666667,70
899,-30.166667,149.666667,0
900,-30.166667,149.666667,15
901,-30.166667,149.666667,30
902,-30.166667,149.666667,50
903,-30.166667,149.666667,70
904,-30.166667,149.666667,0
905,-30.166667,149.666667,15
906,-30.166667,149.666667,30
907,-30.166667,149.666667,50
908,-30.166667,149.666667,70
909,41.8,1.116667,0
910,41.8,1.116667,0
911,41.8,1.116667,0
912,50.2851,-107.7972,0
913,50.2851,-107.7972,0
914,-24.532778,-54.019444,0
915,-24.532778,-54.019444,0
916,-24.532778,-54.019444,0
917,-24.532778,-54.019444,0
918,-24.532778,-54.019444,0
919,-24.532778,-54.019444,0
920,-24.532778,-54.019444,5
921,-24.532778,-54.019444,5
922,-24.532778,-54.019444,5
923,-24.532778,-54.019444,5
924,-24.532778,-54.019444,5
925,-24.532778,-54.019444,5
926,-24.532778,-54.019444,10
927,-24.532778,-54.019444,10
928,-24.532778,-54.019444,10
929,-24.532778,-54.019444,10
930,-24.532778,-54.019444,10
931,-24.532778,-54.019444,10
932,-22.426,-43.4223,0
933,-22.426,-43.4223,0
934,-22.426,-43.4223,0
935,-22.426,-43.4223,5
936,-22.426,-43.4223,5
937,-22.426,-43.4223,5
938,-24.798056,-49.961667,0
939,-24.798056,-49.961667,0
940,-24.798056,-49.961667,0
941,-24.798056,-49.961667,5
942,-24.798056,-49.961667,5
943,-24.798056,-49.961667,5
944,-24.798056,-49.961667,10
945,-24.798056,-49.961667,10
946,-24.798056,-49.961667,10
947,40.05,-4.416667,0
948,40.05,-4.416667,0
949,42.816667,-93.283333,0
950,42.816667,-93.283333,0
951,42.816667,-93.283333,15
952,42.816667,-93.283333,15
953,42.816667,-93.283333,30
954,42.816667,-93.283333,30
955,42.816667,-93.283333,60
956,42.816667,-93.283333,60
957,42.983333,-92.9,0
958,42.983333,-92.9,0
959,42.983333,-92.9,15
960,42.983333,-92.9,15
961,42.983333,-92.9,30
962,42.983333,-92.9,30
963,42.983333,-92.9,60
964,42.983333,-92.9,60
965,-37.25,-64.25,0
966,-37.25,-64.25,0
967,-37.25,-64.25,0
968,-37.25,-64.25,0
969,-37.25,-64.25,10
970,-37.25,-64.25,10
971,-37.25,-64.25,10
972,-37.25,-64.25,10
973,37.266667,46.45,0
974,37.266667,46.45,0
975,37.266667,46.45,0
976,41.2,-96.5,0
977,41.2,-96.5,5
978,41.2,-96.5,0
979,41.2,-96.5,5
980,-24.798056,-49.961944,0
981,-24.798056,-49.961944,0
982,-24.798056,-49.961944,0
983,-24.798056,-49.961944,0
984,43.633333,-80.416667,0
985,43.633333,-80.416667,10
986,43.633333,-80.416667,20
987,43.633333,-80.416667,0
988,43.633333,-80.416667,10
989,43.633333,-80.416667,20
990,-24.532844,-54.020022,0
991,-24.532844,-54.020022,0
992,-24.532844,-54.020022,5
993,-24.532844,-54.020022,5
994,-24.532844,-54.020022,10
995,-24.532844,-54.020022,10
996,-32.712403,-62.096131,0
997,-32.712403,-62.096131,0
998,-32.712403,-62.096131,0
999,-32.712403,-62.096131,0
1000,-32.712403,-62.096131,10
1001,-32.712403,-62.096131,10
1002,-32.712403,-62.096131,10
1003,-32.712403,-62.096131,10
1004,-37.7525,-58.313333,0
1005,-37.7525,-58.313333,0
1006,-37.7525,-58.313333,0
1007,-37.7525,-58.313333,0
1008,-37.7525,-58.313333,5
1009,-37.7525,-58.313333,5
1010,-37.7525,-58.313333,5
1011,-37.7525,-58.313333,5
1012,-32.533333,-60.85,0
1013,-32.533333,-60.85,0
1014,-32.533333,-60.85,0
1015,-32.533333,-60.85,0
1016,-32.533333,-60.85,5
1017,-32.533333,-60.85,5
1018,-32.533333,-60.85,5
1019,-32.533333,-60.85,5
1020,-19.433333,-44.166667,0
1021,-19.433333,-44.166667,7.5
1022,-19.433333,-44.166667,0
1023,-19.433333,-44.166667,7.5
1024,49.778213,6.597268,0
1025,49.778213,6.597268,0
1026,49.778213,6.597268,0
1027,49.778213,6.597268,0
1028,49.778213,6.597268,0
1029,49.778213,6.597268,0
1030,-25.015,-50.151944,0
1031,-25.015,-50.151944,0
1032,-25.015,-50.151944,0
1033,-25.015,-50.151944,2.5
1034,-25.015,-50.151944,2.5
1035,-25.015,-50.151944,2.5
1036,-25.015,-50.151944,5
1037,-25.015,-50.151944,5
1038,-25.015,-50.151944,5
1039,-25.015,-50.151944,10
1040,-25.015,-50.151944,10
1041,-25.015,-50.151944,10
1042,-25.015,-50.151944,20
1043,-25.015,-50.151944,20
1044,-25.015,-50.151944,20
1045,48.55,-104.833333,0
1046,48.55,-104.833333,0
1047,48.55,-104.833333,0
1048,48.55,-104.833333,0
1049,48.55,-104.833333,0
1050,48.55,-104.833333,5
1051,48.55,-104.833333,5
1052,48.55,-104.833333,5
1053,48.55,-104.833333,5
1054,48.55,-104.833333,5
1055,48.8,-110.016667,0
1056,48.8,-110.016667,0
1057,48.8,-110.016667,0
1058,48.8,-110.016667,0
1059,48.8,-110.016667,0
1060,48.8,-110.016667,0
1061,48.8,-110.016667,0
1062,48.8,-110.016667,0
1063,48.8,-110.016667,0
1064,48.8,-110.016667,0
1065,48.8,-110.016667,5
1066,48.8,-110.016667,5
1067,48.8,-110.016667,5
1068,48.8,-110.016667,5
1069,48.8,-110.016667,5
1070,48.8,-110.016667,5
1071,48.8,-110.016667,5
1072,48.8,-110.016667,5
1073,48.8,-110.016667,5
1074,48.8,-110.016667,5
1075,47.766667,-104.266667,0
1076,47.766667,-104.266667,0
1077,47.766667,-104.266667,0
1078,47.766667,-104.266667,0
1079,47.766667,-104.266667,5
1080,47.766667,-104.266667,5
1081,47.766667,-104.266667,5
1082,47.766667,-104.266667,5
1083,47.766667,-104.266667,10
1084,47.766667,-104.266667,10
1085,47.766667,-104.266667,10
1086,47.766667,-104.266667,10
1087,32.5538,-83.8874,0
1088,32.5538,-83.8874,0
1089,32.5538,-83.8874,0
1090,32.5538,-83.8874,0
1091,-33.85,-60.666667,0
1092,-33.85,-60.666667,5
1093,-33.85,-60.666667,10
1094,-33.85,-60.666667,20
1095,-33.85,-60.666667,0
1096,-33.85,-60.666667,5
1097,-33.85,-60.666667,10
1098,-33.85,-60.666667,20
1099,-32.35,-58.033333,0
1100,-32.35,-58.033333,0
1101,-32.35,-58.033333,0
1102,-32.35,-58.033333,0
1103,46.733333,-71.516667,0
1104,46.733333,-71.516667,0
1105,46.733333,-71.516667,0
1106,46.733333,-71.516667,0
1107,-15.65,-47.733333,0
1108,-15.65,-47.733333,0
1109,-15.65,-47.733333,0
1110,37.5274,-79.6798,0
1111,37.5274,-79.6798,0
1112,37.5274,-79.6798,0
1113,37.5274,-79.6798,0
1114,37.5274,-79.6798,0
1115,37.5274,-79.6798,0
1116,40.37,-103.13,0
1117,40.37,-103.13,0
1118,39.18,-102.26,0
1119,39.18,-102.26,0
1120,37.23,-102.17,0
1121,37.23,-102.17,0
1122,44.05,-93.516667,0
1123,44.05,-93.516667,0
1124,44.05,-93.516667,0
1125,44.05,-93.516667,5
1126,44.05,-93.516667,5
1127,44.05,-93.516667,5
1128,44.05,-93.516667,15
1129,44.05,-93.516667,15
1130,44.05,-93.516667,15
1131,44.05,-93.516667,30
1132,44.05,-93.516667,30
1133,44.05,-93.516667,30
1134,49.705,-112.775,0
1135,49.705,-112.775,0
1136,49.705,-112.775,0
1137,49.705,-112.775,0
1138,49.705,-112.775,0
1139,49.705,-112.775,0
1140,49.705,-112.775,7.5
1141,49.705,-112.775,7.5
1142,49.705,-112.775,7.5
1143,49.705,-112.775,7.5
1144,49.705,-112.775,7.5
1145,49.705,-112.775,7.5
1146,-28.2,152.1,0
1147,-28.2,152.1,0
1148,-28.2,152.1,10
1149,-28.2,152.1,10
1150,-28.2,152.1,20
1151,-28.2,152.1,20
1152,58.383333,-116.033333,0
1153,58.383333,-116.033333,0
1154,58.383333,-116.033333,0
1155,58.383333,-116.033333,0
1156,58.383333,-116.033333,0
1157,58.383333,-116.033333,0
1158,39.03,-76.9,0
1159,39.03,-76.9,0
1160,39.03,-76.9,0
1161,39.03,-76.9,0
1162,39.03,-76.9,0
1163,-34.158889,19.908333,5
1164,-34.158889,19.908333,5
1165,-33.26,-54.490556,0
1166,-33.26,-54.490556,0
1167,-37.7525,-58.313333,0
1168,-37.7525,-58.313333,0
1169,-37.7525,-58.313333,0
1170,-37.7525,-58.313333,0
1171,-37.7525,-58.313333,5
1172,-37.7525,-58.313333,5
1173,-37.7525,-58.313333,5
1174,-37.7525,-58.313333,5
1175,-30.1,-51.666667,0
1176,-30.1,-51.666667,0
1177,-30.1,-51.666667,0
1178,-30.1,-51.666667,20
1179,-30.1,-51.666667,20
1180,-30.1,-51.666667,20
1181,-30.1,-51.666667,75
1182,-30.1,-51.666667,75
1183,-30.1,-51.666667,75
1184,47.882778,-2.733056,0
1185,47.882778,-2.733056,5
1186,47.882778,-2.733056,15
1187,47.882778,-2.733056,20
1188,47.882778,-2.733056,0
1189,47.882778,-2.733056,5
1190,47.882778,-2.733056,15
1191,47.882778,-2.733056,20
1192,47.882778,-2.733056,0
1193,47.882778,-2.733056,5
1194,47.882778,-2.733056,15
1195,47.882778,-2.733056,20
1196,42.455278,-1.686111,0
1197,42.455278,-1.686111,0
1198,42.455278,-1.686111,5
1199,42.455278,-1.686111,5
1200,42.455278,-1.686111,15
1201,42.455278,-1.686111,15
1202,-25.009722,-50.154444,0
1203,-25.009722,-50.154444,0
1204,-25.009722,-50.154444,0
1205,-25.009722,-50.154444,0
1206,-25.009722,-50.154444,0
1207,-25.009722,-50.154444,0
1208,-25.009722,-50.154444,5
1209,-25.009722,-50.154444,5
1210,-25.009722,-50.154444,5
1211,-25.009722,-50.154444,5
1212,-25.009722,-50.154444,5
1213,-25.009722,-50.154444,5
1214,-25.009722,-50.154444,10
1215,-25.009722,-50.154444,10
1216,-25.009722,-50.154444,10
1217,-25.009722,-50.154444,10
1218,-25.009722,-50.154444,10
1219,-25.009722,-50.154444,10
1220,-37.75,-58.3,0
1221,-37.75,-58.3,0
1222,-37.75,-58.3,5
1223,-37.75,-58.3,5
1224,42.866927,-81.701862,0
1225,42.866927,-81.701862,5
1226,42.866927,-81.701862,10
1227,42.866927,-81.701862,20
1228,42.866927,-81.701862,0
1229,42.866927,-81.701862,5
1230,42.866927,-81.701862,10
1231,42.866927,-81.701862,20
1232,35.2,107.733333,0
1233,35.2,107.733333,0
1234,35.2,107.733333,0
1235,35.2,107.733333,0
1236,35.2,107.733333,10
1237,35.2,107.733333,10
1238,35.2,107.733333,10
1239,35.2,107.733333,10
1240,-36.516667,-71.9,0
1241,-36.516667,-71.9,0
1242,-36.516667,-71.9,0
1243,-36.516667,-71.9,0
1244,-36.516667,-71.9,0
1245,-36.516667,-71.9,0
1246,-37.15,-72.033333,0
1247,-37.15,-72.033333,0
1248,-37.15,-72.033333,0
1249,-37.15,-72.033333,0
1250,-37.15,-72.033333,0